country,C/T,year,status,fh_score
Abkhazia,t,2021,PF,40
Afghanistan,c,2021,NF,27
Albania,c,2021,PF,66
Algeria,c,2021,NF,32
Andorra,c,2021,F,93
Angola,c,2021,NF,31
Antigua and Barbuda,c,2021,F,85
Argentina,c,2021,F,84
Armenia,c,2021,PF,55
Australia,c,2021,F,97
Austria,c,2021,F,93
Azerbaijan,c,2021,NF,10
Bahamas,c,2021,F,91
Bahrain,c,2021,NF,12
Bangladesh,c,2021,PF,39
Barbados,c,2021,F,95
Belarus,c,2021,NF,11
Belgium,c,2021,F,96
Belize,c,2021,F,87
Benin,c,2021,PF,65
Bhutan,c,2021,PF,61
Bolivia,c,2021,PF,66
Bosnia and Herzegovina,c,2021,PF,53
Botswana,c,2021,F,72
Brazil,c,2021,F,74
Brunei,c,2021,NF,28
Bulgaria,c,2021,F,78
Burkina Faso,c,2021,PF,54
Burundi,c,2021,NF,14
Cabo Verde,c,2021,F,92
Cambodia,c,2021,NF,24
Cameroon,c,2021,NF,16
Canada,c,2021,F,98
Central African Republic,c,2021,NF,9
Chad,c,2021,NF,17
Chile,c,2021,F,93
China,c,2021,NF,9
Colombia,c,2021,PF,65
Comoros,c,2021,PF,42
Congo (Brazzaville),c,2021,NF,20
Congo (Kinshasa),c,2021,NF,20
Costa Rica,c,2021,F,91
Cote d'Ivoire,c,2021,PF,44
Crimea,t,2021,NF,7
Croatia,c,2021,F,85
Cuba,c,2021,NF,13
Cyprus,c,2021,F,94
Czech Republic,c,2021,F,91
Denmark,c,2021,F,97
Djibouti,c,2021,NF,24
Dominica,c,2021,F,93
Dominican Republic,c,2021,PF,67
Eastern Donbas,t,2021,NF,4
Ecuador,c,2021,PF,67
Egypt,c,2021,NF,18
El Salvador,c,2021,PF,63
Equatorial Guinea,c,2021,NF,5
Eritrea,c,2021,NF,2
Estonia,c,2021,F,94
Eswatini,c,2021,NF,19
Ethiopia,c,2021,NF,22
Fiji,c,2021,PF,60
Finland,c,2021,F,100
France,c,2021,F,90
Gabon,c,2021,NF,22
Gaza Strip,t,2021,NF,11
Georgia,c,2021,PF,60
Germany,c,2021,F,94
Ghana,c,2021,F,82
Greece,c,2021,F,87
Grenada,c,2021,F,89
Guatemala,c,2021,PF,52
Guinea,c,2021,PF,38
Guinea-Bissau,c,2021,PF,44
Guyana,c,2021,F,73
Haiti,c,2021,PF,37
Honduras,c,2021,PF,44
"Hong Kong SAR, China",t,2021,PF,52
Hungary,c,2021,PF,69
Iceland,c,2021,F,94
India,c,2021,PF,67
Indian Kashmir,t,2021,NF,27
Indonesia,c,2021,PF,59
Iran,c,2021,NF,16
Iraq,c,2021,NF,29
Ireland,c,2021,F,97
Israel,c,2021,F,76
Italy,c,2021,F,90
Jamaica,c,2021,F,80
Japan,c,2021,F,96
Jordan,c,2021,NF,34
Kazakhstan,c,2021,NF,23
Kenya,c,2021,PF,48
Kiribati,c,2021,F,93
Kosovo,c,2021,PF,54
Kuwait,c,2021,PF,37
Kyrgyzstan,c,2021,NF,28
Laos,c,2021,NF,13
Latvia,c,2021,F,89
Lebanon,c,2021,PF,43
Lesotho,c,2021,PF,63
Liberia,c,2021,PF,60
Libya,c,2021,NF,9
Liechtenstein,c,2021,F,90
Lithuania,c,2021,F,90
Luxembourg,c,2021,F,97
Madagascar,c,2021,PF,60
Malawi,c,2021,PF,66
Malaysia,c,2021,PF,51
Maldives,c,2021,PF,40
Mali,c,2021,NF,33
Malta,c,2021,F,90
Marshall Islands,c,2021,F,93
Mauritania,c,2021,PF,35
Mauritius,c,2021,F,87
Mexico,c,2021,PF,61
Micronesia,c,2021,F,92
Moldova,c,2021,PF,61
Monaco,c,2021,F,83
Mongolia,c,2021,F,84
Montenegro,c,2021,PF,63
Morocco,c,2021,PF,37
Mozambique,c,2021,PF,43
Myanmar,c,2021,NF,28
Nagorno-Karabakh,t,2021,PF,35
Namibia,c,2021,F,77
Nauru,c,2021,F,77
Nepal,c,2021,PF,56
Netherlands,c,2021,F,98
New Zealand,c,2021,F,99
Nicaragua,c,2021,NF,30
Niger,c,2021,PF,48
Nigeria,c,2021,PF,45
North Korea,c,2021,NF,3
North Macedonia,c,2021,PF,66
Northern Cyprus,t,2021,F,78
Norway,c,2021,F,100
Oman,c,2021,NF,23
Pakistan,c,2021,PF,37
Pakistani Kashmir,t,2021,NF,28
Palau,c,2021,F,92
Panama,c,2021,F,83
Papua New Guinea,c,2021,PF,62
Paraguay,c,2021,PF,65
Peru,c,2021,PF,71
Philippines,c,2021,PF,56
Poland,c,2021,F,82
Portugal,c,2021,F,96
Qatar,c,2021,NF,25
Romania,c,2021,F,83
Russian Federationn Federation,c,2021,NF,20
Rwanda,c,2021,NF,21
Samoa,c,2021,F,81
San Marino,c,2021,F,93
Sao Tome and Principe,c,2021,F,84
Saudi Arabia,c,2021,NF,7
Senegal,c,2021,PF,71
Serbia,c,2021,PF,64
Seychelles,c,2021,F,77
Sierra Leone,c,2021,PF,65
Singapore,c,2021,PF,48
Slovakia,c,2021,F,90
Slovenia,c,2021,F,95
Solomon Islands,c,2021,F,79
Somalia,c,2021,NF,7
Somaliland,t,2021,PF,42
South Africa,c,2021,F,79
"Korea, Rep.",c,2021,F,83
South Ossetia,t,2021,NF,10
South Sudan,c,2021,NF,2
Spain,c,2021,F,90
Sri Lanka,c,2021,PF,56
St. Kitts and Nevis,c,2021,F,89
St. Lucia,c,2021,F,91
St. Vincent and the Grenadines,c,2021,F,91
Sudan,c,2021,NF,17
Suriname,c,2021,F,79
Sweden,c,2021,F,100
Switzerland,c,2021,F,96
Syria,c,2021,NF,1
Taiwan,c,2021,F,94
Tajikistan,c,2021,NF,8
Tanzania,c,2021,PF,34
Thailand,c,2021,NF,30
The Gambia,c,2021,PF,46
Tibet,t,2021,NF,1
Timor-Leste,c,2021,F,72
Togo,c,2021,PF,43
Tonga,c,2021,F,79
Transnistria,t,2021,NF,20
Trinidad and Tobago,c,2021,F,82
Tunisia,c,2021,F,71
Turkey,c,2021,NF,32
Turkmenistan,c,2021,NF,2
Tuvalu,c,2021,F,93
Uganda,c,2021,NF,34
Ukraine,c,2021,PF,60
United Arab Emirates,c,2021,NF,17
United Kingdom,c,2021,F,93
United States,c,2021,F,83
Uruguay,c,2021,F,98
Uzbekistan,c,2021,NF,11
Vanuatu,c,2021,F,82
Venezuela,c,2021,NF,14
Vietnam,c,2021,NF,19
West Bank,t,2021,NF,25
Western Sahara,t,2021,NF,4
Yemen,c,2021,NF,11
Zambia,c,2021,PF,52
Zimbabwe,c,2021,NF,28
Abkhazia,t,2020,PF,40
Afghanistan,c,2020,NF,27
Albania,c,2020,PF,67
Algeria,c,2020,NF,34
Andorra,c,2020,F,94
Angola,c,2020,NF,32
Antigua and Barbuda,c,2020,F,85
Argentina,c,2020,F,85
Armenia,c,2020,PF,53
Australia,c,2020,F,97
Austria,c,2020,F,93
Azerbaijan,c,2020,NF,10
Bahamas,c,2020,F,91
Bahrain,c,2020,NF,11
Bangladesh,c,2020,PF,39
Barbados,c,2020,F,95
Belarus,c,2020,NF,19
Belgium,c,2020,F,96
Belize,c,2020,F,86
Benin,c,2020,PF,66
Bhutan,c,2020,PF,59
Bolivia,c,2020,PF,63
Bosnia and Herzegovina,c,2020,PF,53
Botswana,c,2020,F,72
Brazil,c,2020,F,75
Brunei,c,2020,NF,28
Bulgaria,c,2020,F,80
Burkina Faso,c,2020,PF,56
Burundi,c,2020,NF,13
Cabo Verde,c,2020,F,92
Cambodia,c,2020,NF,25
Cameroon,c,2020,NF,18
Canada,c,2020,F,98
Central African Republic,c,2020,NF,10
Chad,c,2020,NF,17
Chile,c,2020,F,90
China,c,2020,NF,10
Colombia,c,2020,PF,66
Comoros,c,2020,PF,44
Congo (Brazzaville),c,2020,NF,20
Congo (Kinshasa),c,2020,NF,18
Costa Rica,c,2020,F,91
Cote d'Ivoire,c,2020,PF,51
Crimea,t,2020,NF,8
Croatia,c,2020,F,85
Cuba,c,2020,NF,14
Cyprus,c,2020,F,94
Czech Republic,c,2020,F,91
Denmark,c,2020,F,97
Djibouti,c,2020,NF,24
Dominica,c,2020,F,93
Dominican Republic,c,2020,PF,67
Eastern Donbas,t,2020,NF,5
Ecuador,c,2020,PF,65
Egypt,c,2020,NF,21
El Salvador,c,2020,PF,66
Equatorial Guinea,c,2020,NF,6
Eritrea,c,2020,NF,2
Estonia,c,2020,F,94
Eswatini,c,2020,NF,19
Ethiopia,c,2020,NF,24
Fiji,c,2020,PF,60
Finland,c,2020,F,100
France,c,2020,F,90
Gabon,c,2020,NF,22
Gaza Strip,t,2020,NF,11
Georgia,c,2020,PF,61
Germany,c,2020,F,94
Ghana,c,2020,F,82
Greece,c,2020,F,88
Grenada,c,2020,F,89
Guatemala,c,2020,PF,52
Guinea,c,2020,PF,40
Guinea-Bissau,c,2020,PF,46
Guyana,c,2020,F,74
Haiti,c,2020,PF,38
Honduras,c,2020,PF,45
"Hong Kong SAR, China",t,2020,PF,55
Hungary,c,2020,PF,70
Iceland,c,2020,F,94
India,c,2020,F,71
Indian Kashmir,t,2020,NF,28
Indonesia,c,2020,PF,61
Iran,c,2020,NF,17
Iraq,c,2020,NF,31
Ireland,c,2020,F,97
Israel,c,2020,F,76
Italy,c,2020,F,89
Jamaica,c,2020,F,78
Japan,c,2020,F,96
Jordan,c,2020,PF,37
Kazakhstan,c,2020,NF,23
Kenya,c,2020,PF,48
Kiribati,c,2020,F,93
Kosovo,c,2020,PF,56
Kuwait,c,2020,PF,36
Kyrgyzstan,c,2020,PF,39
Laos,c,2020,NF,14
Latvia,c,2020,F,89
Lebanon,c,2020,PF,44
Lesotho,c,2020,PF,63
Liberia,c,2020,PF,60
Libya,c,2020,NF,9
Liechtenstein,c,2020,F,90
Lithuania,c,2020,F,91
Luxembourg,c,2020,F,98
Madagascar,c,2020,PF,61
Malawi,c,2020,PF,62
Malaysia,c,2020,PF,52
Maldives,c,2020,PF,40
Mali,c,2020,PF,41
Malta,c,2020,F,90
Marshall Islands,c,2020,F,93
Mauritania,c,2020,PF,34
Mauritius,c,2020,F,89
Mexico,c,2020,PF,62
Micronesia,c,2020,F,92
Moldova,c,2020,PF,60
Monaco,c,2020,F,83
Mongolia,c,2020,F,84
Montenegro,c,2020,PF,62
Morocco,c,2020,PF,37
Mozambique,c,2020,PF,45
Myanmar,c,2020,NF,30
Nagorno-Karabakh,t,2020,PF,34
Namibia,c,2020,F,77
Nauru,c,2020,F,77
Nepal,c,2020,PF,56
Netherlands,c,2020,F,99
New Zealand,c,2020,F,97
Nicaragua,c,2020,NF,31
Niger,c,2020,PF,48
Nigeria,c,2020,PF,47
North Korea,c,2020,NF,3
North Macedonia,c,2020,PF,63
Northern Cyprus,t,2020,F,81
Norway,c,2020,F,100
Oman,c,2020,NF,23
Pakistan,c,2020,PF,38
Pakistani Kashmir,t,2020,NF,28
Palau,c,2020,F,92
Panama,c,2020,F,84
Papua New Guinea,c,2020,PF,62
Paraguay,c,2020,PF,65
Peru,c,2020,F,72
Philippines,c,2020,PF,59
Poland,c,2020,F,84
Portugal,c,2020,F,96
Qatar,c,2020,NF,25
Romania,c,2020,F,83
Russian Federation,c,2020,NF,20
Rwanda,c,2020,NF,22
Samoa,c,2020,F,81
San Marino,c,2020,F,95
Sao Tome and Principe,c,2020,F,84
Saudi Arabia,c,2020,NF,7
Senegal,c,2020,PF,71
Serbia,c,2020,PF,66
Seychelles,c,2020,PF,72
Sierra Leone,c,2020,PF,65
Singapore,c,2020,PF,50
Slovakia,c,2020,F,88
Slovenia,c,2020,F,94
Solomon Islands,c,2020,F,79
Somalia,c,2020,NF,7
Somaliland,t,2020,PF,41
South Africa,c,2020,F,79
"Korea, Rep.",c,2020,F,83
South Ossetia,t,2020,NF,10
South Sudan,c,2020,NF,2
Spain,c,2020,F,92
Sri Lanka,c,2020,PF,56
St. Kitts and Nevis,c,2020,F,89
St. Lucia,c,2020,F,92
St. Vincent and the Grenadines,c,2020,F,91
Sudan,c,2020,NF,12
Suriname,c,2020,F,75
Sweden,c,2020,F,100
Switzerland,c,2020,F,96
Syria,c,2020,NF,0
Taiwan,c,2020,F,93
Tajikistan,c,2020,NF,9
Tanzania,c,2020,PF,40
Thailand,c,2020,PF,32
The Gambia,c,2020,PF,46
Tibet,t,2020,NF,1
Timor-Leste,c,2020,F,71
Togo,c,2020,PF,44
Tonga,c,2020,F,79
Transnistria,t,2020,NF,22
Trinidad and Tobago,c,2020,F,82
Tunisia,c,2020,F,70
Turkey,c,2020,NF,32
Turkmenistan,c,2020,NF,2
Tuvalu,c,2020,F,93
Uganda,c,2020,NF,34
Ukraine,c,2020,PF,62
United Arab Emirates,c,2020,NF,17
United Kingdom,c,2020,F,94
United States,c,2020,F,86
Uruguay,c,2020,F,98
Uzbekistan,c,2020,NF,10
Vanuatu,c,2020,F,82
Venezuela,c,2020,NF,16
Vietnam,c,2020,NF,20
West Bank,t,2020,NF,25
Western Sahara,t,2020,NF,4
Yemen,c,2020,NF,11
Zambia,c,2020,PF,54
Zimbabwe,c,2020,PF,29
Abkhazia,t,2019,PF,41
Afghanistan,c,2019,NF,27
Albania,c,2019,PF,68
Algeria,c,2019,NF,34
Andorra,c,2019,F,94
Angola,c,2019,NF,31
Antigua and Barbuda,c,2019,F,84
Argentina,c,2019,F,84
Armenia,c,2019,PF,51
Australia,c,2019,F,98
Austria,c,2019,F,93
Azerbaijan,c,2019,NF,11
Bahamas,c,2019,F,91
Bahrain,c,2019,NF,12
Bangladesh,c,2019,PF,41
Barbados,c,2019,F,96
Belarus,c,2019,NF,19
Belgium,c,2019,F,96
Belize,c,2019,F,86
Benin,c,2019,F,79
Bhutan,c,2019,PF,59
Bolivia,c,2019,PF,67
Bosnia and Herzegovina,c,2019,PF,53
Botswana,c,2019,F,72
Brazil,c,2019,F,75
Brunei,c,2019,NF,29
Bulgaria,c,2019,F,80
Burkina Faso,c,2019,PF,60
Burundi,c,2019,NF,14
Cabo Verde,c,2019,F,90
Cambodia,c,2019,NF,26
Cameroon,c,2019,NF,19
Canada,c,2019,F,99
Central African Republic,c,2019,NF,9
Chad,c,2019,NF,17
Chile,c,2019,F,94
China,c,2019,NF,11
Colombia,c,2019,PF,66
Comoros,c,2019,PF,50
Congo (Brazzaville),c,2019,NF,21
Congo (Kinshasa),c,2019,NF,15
Costa Rica,c,2019,F,91
Cote d'Ivoire,c,2019,PF,51
Crimea,t,2019,NF,8
Croatia,c,2019,F,85
Cuba,c,2019,NF,14
Cyprus,c,2019,F,94
Czech Republic,c,2019,F,91
Denmark,c,2019,F,97
Djibouti,c,2019,NF,26
Dominica,c,2019,F,93
Dominican Republic,c,2019,PF,67
Ecuador,c,2019,PF,63
Egypt,c,2019,NF,22
El Salvador,c,2019,F,67
Equatorial Guinea,c,2019,NF,6
Eritrea,c,2019,NF,2
Estonia,c,2019,F,94
Eswatini,c,2019,NF,16
Ethiopia,c,2019,NF,19
Fiji,c,2019,PF,61
Finland,c,2019,F,100
France,c,2019,F,90
Gabon,c,2019,NF,23
Gaza Strip,t,2019,NF,11
Georgia,c,2019,PF,63
Germany,c,2019,F,94
Ghana,c,2019,F,83
Greece,c,2019,F,87
Grenada,c,2019,F,89
Guatemala,c,2019,PF,53
Guinea,c,2019,PF,43
Guinea-Bissau,c,2019,PF,42
Guyana,c,2019,F,75
Haiti,c,2019,PF,41
Honduras,c,2019,PF,46
"Hong Kong SAR, China",t,2019,PF,59
Hungary,c,2019,PF,70
Iceland,c,2019,F,94
India,c,2019,F,75
Indian Kashmir,t,2019,PF,49
Indonesia,c,2019,PF,62
Iran,c,2019,NF,18
Iraq,c,2019,NF,32
Ireland,c,2019,F,97
Israel,c,2019,F,78
Italy,c,2019,F,89
Jamaica,c,2019,F,78
Japan,c,2019,F,96
Jordan,c,2019,PF,37
Kazakhstan,c,2019,NF,22
Kenya,c,2019,PF,48
Kiribati,c,2019,F,93
Kosovo,c,2019,PF,54
Kuwait,c,2019,PF,36
Kyrgyzstan,c,2019,PF,38
Laos,c,2019,NF,14
Latvia,c,2019,F,87
Lebanon,c,2019,PF,45
Lesotho,c,2019,PF,63
Liberia,c,2019,PF,62
Libya,c,2019,NF,9
Liechtenstein,c,2019,F,90
Lithuania,c,2019,F,91
Luxembourg,c,2019,F,98
Madagascar,c,2019,PF,56
Malawi,c,2019,PF,64
Malaysia,c,2019,PF,52
Maldives,c,2019,PF,35
Mali,c,2019,PF,44
Malta,c,2019,F,91
Marshall Islands,c,2019,F,93
Mauritania,c,2019,NF,32
Mauritius,c,2019,F,89
Mexico,c,2019,PF,63
Micronesia,c,2019,F,92
Moldova,c,2019,PF,58
Monaco,c,2019,F,82
Mongolia,c,2019,F,85
Montenegro,c,2019,PF,65
Morocco,c,2019,PF,39
Mozambique,c,2019,PF,51
Myanmar,c,2019,PF,30
Nagorno-Karabakh,t,2019,PF,31
Namibia,c,2019,F,75
Nauru,c,2019,F,78
Nepal,c,2019,PF,54
Netherlands,c,2019,F,99
New Zealand,c,2019,F,98
Nicaragua,c,2019,NF,32
Niger,c,2019,PF,49
Nigeria,c,2019,PF,50
North Korea,c,2019,NF,3
North Macedonia,c,2019,PF,59
Northern Cyprus,t,2019,F,81
Norway,c,2019,F,100
Oman,c,2019,NF,23
Pakistan,c,2019,PF,39
Pakistani Kashmir,t,2019,NF,28
Palau,c,2019,F,92
Panama,c,2019,F,84
Papua New Guinea,c,2019,PF,64
Paraguay,c,2019,PF,65
Peru,c,2019,F,73
Philippines,c,2019,PF,61
Poland,c,2019,F,84
Portugal,c,2019,F,96
Qatar,c,2019,NF,25
Romania,c,2019,F,81
Russian Federation,c,2019,NF,20
Rwanda,c,2019,NF,23
Samoa,c,2019,F,81
San Marino,c,2019,F,95
Sao Tome and Principe,c,2019,F,83
Saudi Arabia,c,2019,NF,7
Senegal,c,2019,F,72
Serbia,c,2019,PF,67
Seychelles,c,2019,PF,71
Sierra Leone,c,2019,PF,65
Singapore,c,2019,PF,51
Slovakia,c,2019,F,88
Slovenia,c,2019,F,94
Solomon Islands,c,2019,F,79
Somalia,c,2019,NF,7
Somaliland,t,2019,PF,43
South Africa,c,2019,F,79
"Korea, Rep.",c,2019,F,83
South Ossetia,t,2019,NF,10
South Sudan,c,2019,NF,2
Spain,c,2019,F,94
Sri Lanka,c,2019,PF,56
St. Kitts and Nevis,c,2019,F,89
St. Lucia,c,2019,F,92
St. Vincent and the Grenadines,c,2019,F,91
Sudan,c,2019,NF,7
Suriname,c,2019,F,77
Sweden,c,2019,F,100
Switzerland,c,2019,F,96
Syria,c,2019,NF,0
Taiwan,c,2019,F,93
Tajikistan,c,2019,NF,9
Tanzania,c,2019,PF,45
Thailand,c,2019,NF,30
The Gambia,c,2019,PF,45
Tibet,t,2019,NF,1
Timor-Leste,c,2019,F,70
Togo,c,2019,PF,43
Tonga,c,2019,F,79
Transnistria,t,2019,NF,24
Trinidad and Tobago,c,2019,F,82
Tunisia,c,2019,F,69
Turkey,c,2019,NF,31
Turkmenistan,c,2019,NF,2
Tuvalu,c,2019,F,93
Uganda,c,2019,NF,36
Ukraine,c,2019,PF,60
United Arab Emirates,c,2019,NF,17
United Kingdom,c,2019,F,93
United States,c,2019,F,86
Uruguay,c,2019,F,98
Uzbekistan,c,2019,NF,9
Vanuatu,c,2019,F,82
Venezuela,c,2019,NF,19
Vietnam,c,2019,NF,20
West Bank,t,2019,NF,25
Western Sahara,t,2019,NF,4
Yemen,c,2019,NF,11
Zambia,c,2019,PF,54
Zimbabwe,c,2019,PF,31
Abkhazia,t,2018,PF,41
Afghanistan,c,2018,NF,26
Albania,c,2018,PF,68
Algeria,c,2018,NF,35
Andorra,c,2018,F,96
Angola,c,2018,NF,26
Antigua and Barbuda,c,2018,F,83
Argentina,c,2018,F,83
Armenia,c,2018,PF,45
Australia,c,2018,F,98
Austria,c,2018,F,94
Azerbaijan,c,2018,NF,12
Bahamas,c,2018,F,91
Bahrain,c,2018,NF,12
Bangladesh,c,2018,PF,45
Barbados,c,2018,F,96
Belarus,c,2018,NF,21
Belgium,c,2018,F,95
Belize,c,2018,F,86
Benin,c,2018,F,82
Bhutan,c,2018,PF,55
Bolivia,c,2018,PF,67
Bosnia and Herzegovina,c,2018,PF,55
Botswana,c,2018,F,72
Brazil,c,2018,F,78
Brunei,c,2018,NF,28
Bulgaria,c,2018,F,80
Burkina Faso,c,2018,PF,60
Burundi,c,2018,NF,18
Cabo Verde,c,2018,F,90
Cambodia,c,2018,NF,30
Cameroon,c,2018,NF,22
Canada,c,2018,F,99
Central African Republic,c,2018,NF,9
Chad,c,2018,NF,18
Chile,c,2018,F,94
China,c,2018,NF,14
Colombia,c,2018,PF,65
Comoros,c,2018,PF,55
Congo (Brazzaville),c,2018,NF,21
Congo (Kinshasa),c,2018,NF,17
Costa Rica,c,2018,F,91
Cote d'Ivoire,c,2018,PF,51
Crimea,t,2018,NF,9
Croatia,c,2018,F,86
Cuba,c,2018,NF,14
Cyprus,c,2018,F,94
Czech Republic,c,2018,F,93
Denmark,c,2018,F,97
Djibouti,c,2018,NF,26
Dominica,c,2018,F,93
Dominican Republic,c,2018,PF,67
Ecuador,c,2018,PF,60
Egypt,c,2018,NF,26
El Salvador,c,2018,F,70
Equatorial Guinea,c,2018,NF,7
Eritrea,c,2018,NF,3
Estonia,c,2018,F,94
Eswatini,c,2018,NF,16
Ethiopia,c,2018,NF,12
Fiji,c,2018,PF,59
Finland,c,2018,F,100
France,c,2018,F,90
Gabon,c,2018,NF,23
Gaza Strip,t,2018,NF,12
Georgia,c,2018,PF,64
Germany,c,2018,F,94
Ghana,c,2018,F,83
Greece,c,2018,F,85
Grenada,c,2018,F,88
Guatemala,c,2018,PF,56
Guinea,c,2018,PF,41
Guinea-Bissau,c,2018,PF,41
Guyana,c,2018,F,74
Haiti,c,2018,PF,41
Honduras,c,2018,PF,46
"Hong Kong SAR, China",t,2018,PF,59
Hungary,c,2018,F,72
Iceland,c,2018,F,95
India,c,2018,F,77
Indian Kashmir,t,2018,PF,49
Indonesia,c,2018,PF,64
Iran,c,2018,NF,18
Iraq,c,2018,NF,31
Ireland,c,2018,F,96
Israel,c,2018,F,79
Italy,c,2018,F,89
Jamaica,c,2018,F,77
Japan,c,2018,F,96
Jordan,c,2018,PF,37
Kazakhstan,c,2018,NF,22
Kenya,c,2018,PF,48
Kiribati,c,2018,F,93
Kosovo,c,2018,PF,52
Kuwait,c,2018,PF,36
Kyrgyzstan,c,2018,PF,37
Laos,c,2018,NF,12
Latvia,c,2018,F,87
Lebanon,c,2018,PF,43
Lesotho,c,2018,PF,64
Liberia,c,2018,PF,62
Libya,c,2018,NF,9
Liechtenstein,c,2018,F,90
Lithuania,c,2018,F,91
Luxembourg,c,2018,F,98
Madagascar,c,2018,PF,56
Malawi,c,2018,PF,63
Malaysia,c,2018,PF,45
Maldives,c,2018,PF,35
Mali,c,2018,PF,44
Malta,c,2018,F,92
Marshall Islands,c,2018,F,92
Mauritania,c,2018,NF,30
Mauritius,c,2018,F,89
Mexico,c,2018,PF,62
Micronesia,c,2018,F,93
Moldova,c,2018,PF,61
Monaco,c,2018,F,82
Mongolia,c,2018,F,85
Montenegro,c,2018,PF,67
Morocco,c,2018,PF,39
Mozambique,c,2018,PF,52
Myanmar,c,2018,PF,31
Nagorno-Karabakh,t,2018,PF,30
Namibia,c,2018,F,77
Nauru,c,2018,F,81
Nepal,c,2018,PF,55
Netherlands,c,2018,F,99
New Zealand,c,2018,F,98
Nicaragua,c,2018,PF,44
Niger,c,2018,PF,49
Nigeria,c,2018,PF,50
North Korea,c,2018,NF,3
North Macedonia,c,2018,PF,58
Northern Cyprus,t,2018,F,81
Norway,c,2018,F,100
Oman,c,2018,NF,23
Pakistan,c,2018,PF,43
Pakistani Kashmir,t,2018,NF,28
Palau,c,2018,F,92
Panama,c,2018,F,83
Papua New Guinea,c,2018,PF,63
Paraguay,c,2018,PF,64
Peru,c,2018,F,73
Philippines,c,2018,PF,62
Poland,c,2018,F,85
Portugal,c,2018,F,97
Qatar,c,2018,NF,24
Romania,c,2018,F,84
Russian Federation,c,2018,NF,20
Rwanda,c,2018,NF,23
Samoa,c,2018,F,80
San Marino,c,2018,F,97
Sao Tome and Principe,c,2018,F,82
Saudi Arabia,c,2018,NF,7
Senegal,c,2018,F,75
Serbia,c,2018,F,73
Seychelles,c,2018,PF,71
Sierra Leone,c,2018,PF,66
Singapore,c,2018,PF,52
Slovakia,c,2018,F,89
Slovenia,c,2018,F,93
Solomon Islands,c,2018,F,72
Somalia,c,2018,NF,7
Somaliland,t,2018,PF,44
South Africa,c,2018,F,78
"Korea, Rep.",c,2018,F,84
South Ossetia,t,2018,NF,10
South Sudan,c,2018,NF,2
Spain,c,2018,F,94
Sri Lanka,c,2018,PF,55
St. Kitts and Nevis,c,2018,F,89
St. Lucia,c,2018,F,91
St. Vincent and the Grenadines,c,2018,F,90
Sudan,c,2018,NF,8
Suriname,c,2018,F,78
Sweden,c,2018,F,100
Switzerland,c,2018,F,96
Syria,c,2018,NF,-1
Taiwan,c,2018,F,93
Tajikistan,c,2018,NF,11
Tanzania,c,2018,PF,52
Thailand,c,2018,NF,31
The Gambia,c,2018,PF,41
Tibet,t,2018,NF,1
Timor-Leste,c,2018,F,69
Togo,c,2018,PF,47
Tonga,c,2018,F,75
Transnistria,t,2018,NF,24
Trinidad and Tobago,c,2018,F,81
Tunisia,c,2018,F,70
Turkey,c,2018,NF,32
Turkmenistan,c,2018,NF,4
Tuvalu,c,2018,F,94
Uganda,c,2018,PF,37
Ukraine,c,2018,PF,62
United Arab Emirates,c,2018,NF,17
United Kingdom,c,2018,F,94
United States,c,2018,F,86
Uruguay,c,2018,F,98
Uzbekistan,c,2018,NF,7
Vanuatu,c,2018,F,81
Venezuela,c,2018,NF,26
Vietnam,c,2018,NF,20
West Bank,t,2018,NF,28
Western Sahara,t,2018,NF,4
Yemen,c,2018,NF,13
Zambia,c,2018,PF,55
Zimbabwe,c,2018,NF,30
Abkhazia,t,2017,PF,41
Afghanistan,c,2017,NF,24
Albania,c,2017,PF,68
Algeria,c,2017,NF,35
Andorra,c,2017,F,95
Angola,c,2017,NF,24
Antigua and Barbuda,c,2017,F,83
Argentina,c,2017,F,82
Armenia,c,2017,PF,45
Australia,c,2017,F,98
Austria,c,2017,F,95
Azerbaijan,c,2017,NF,14
Bahamas,c,2017,F,91
Bahrain,c,2017,NF,12
Bangladesh,c,2017,PF,47
Barbados,c,2017,F,98
Belarus,c,2017,NF,20
Belgium,c,2017,F,95
Belize,c,2017,F,87
Benin,c,2017,F,82
Bhutan,c,2017,PF,55
Bolivia,c,2017,PF,68
Bosnia and Herzegovina,c,2017,PF,55
Botswana,c,2017,F,72
Brazil,c,2017,F,79
Brunei,c,2017,NF,29
Bulgaria,c,2017,F,80
Burkina Faso,c,2017,PF,63
Burundi,c,2017,NF,19
Cabo Verde,c,2017,F,90
Cambodia,c,2017,NF,31
Cameroon,c,2017,NF,24
Canada,c,2017,F,99
Central African Republic,c,2017,NF,10
Chad,c,2017,NF,18
Chile,c,2017,F,94
China,c,2017,NF,15
Colombia,c,2017,PF,64
Comoros,c,2017,PF,55
Congo (Brazzaville),c,2017,NF,27
Congo (Kinshasa),c,2017,NF,19
Costa Rica,c,2017,F,91
Cote d'Ivoire,c,2017,PF,52
Crimea,t,2017,NF,9
Croatia,c,2017,F,87
Cuba,c,2017,NF,15
Cyprus,c,2017,F,94
Czech Republic,c,2017,F,94
Denmark,c,2017,F,97
Djibouti,c,2017,NF,26
Dominica,c,2017,F,95
Dominican Republic,c,2017,PF,68
Ecuador,c,2017,PF,57
Egypt,c,2017,NF,26
El Salvador,c,2017,F,70
Equatorial Guinea,c,2017,NF,8
Eritrea,c,2017,NF,3
Estonia,c,2017,F,94
Eswatini,c,2017,NF,18
Ethiopia,c,2017,NF,12
Fiji,c,2017,PF,59
Finland,c,2017,F,100
France,c,2017,F,90
Gabon,c,2017,NF,32
Gaza Strip,t,2017,NF,12
Georgia,c,2017,PF,64
Germany,c,2017,F,95
Ghana,c,2017,F,83
Greece,c,2017,F,84
Grenada,c,2017,F,89
Guatemala,c,2017,PF,54
Guinea,c,2017,PF,41
Guinea-Bissau,c,2017,PF,40
Guyana,c,2017,F,74
Haiti,c,2017,PF,39
Honduras,c,2017,PF,46
"Hong Kong SAR, China",t,2017,PF,61
Hungary,c,2017,F,76
Iceland,c,2017,F,97
India,c,2017,F,77
Indian Kashmir,t,2017,PF,50
Indonesia,c,2017,PF,65
Iran,c,2017,NF,17
Iraq,c,2017,NF,27
Ireland,c,2017,F,96
Israel,c,2017,F,80
Italy,c,2017,F,89
Jamaica,c,2017,F,75
Japan,c,2017,F,96
Jordan,c,2017,PF,37
Kazakhstan,c,2017,NF,22
Kenya,c,2017,PF,51
Kiribati,c,2017,F,92
Kosovo,c,2017,PF,52
Kuwait,c,2017,PF,36
Kyrgyzstan,c,2017,PF,37
Laos,c,2017,NF,12
Latvia,c,2017,F,87
Lebanon,c,2017,PF,44
Lesotho,c,2017,PF,64
Liberia,c,2017,PF,62
Libya,c,2017,NF,13
Liechtenstein,c,2017,F,91
Lithuania,c,2017,F,91
Luxembourg,c,2017,F,98
Madagascar,c,2017,PF,56
Malawi,c,2017,PF,63
Malaysia,c,2017,PF,44
Maldives,c,2017,PF,40
Mali,c,2017,PF,45
Malta,c,2017,F,96
Marshall Islands,c,2017,F,92
Mauritania,c,2017,NF,30
Mauritius,c,2017,F,89
Mexico,c,2017,PF,65
Micronesia,c,2017,F,93
Moldova,c,2017,PF,62
Monaco,c,2017,F,84
Mongolia,c,2017,F,85
Montenegro,c,2017,PF,69
Morocco,c,2017,PF,41
Mozambique,c,2017,PF,53
Myanmar,c,2017,PF,32
Nagorno-Karabakh,t,2017,PF,33
Namibia,c,2017,F,77
Nauru,c,2017,F,81
Nepal,c,2017,PF,52
Netherlands,c,2017,F,99
New Zealand,c,2017,F,98
Nicaragua,c,2017,PF,47
Niger,c,2017,PF,49
Nigeria,c,2017,PF,50
North Korea,c,2017,NF,3
North Macedonia,c,2017,PF,57
Northern Cyprus,t,2017,F,80
Norway,c,2017,F,100
Oman,c,2017,NF,25
Pakistan,c,2017,PF,43
Pakistani Kashmir,t,2017,NF,28
Palau,c,2017,F,92
Panama,c,2017,F,83
Papua New Guinea,c,2017,PF,64
Paraguay,c,2017,PF,64
Peru,c,2017,F,72
Philippines,c,2017,PF,63
Poland,c,2017,F,89
Portugal,c,2017,F,97
Qatar,c,2017,NF,26
Romania,c,2017,F,84
Russian Federation,c,2017,NF,20
Rwanda,c,2017,NF,24
Samoa,c,2017,F,80
San Marino,c,2017,F,97
Sao Tome and Principe,c,2017,F,81
Saudi Arabia,c,2017,NF,10
Senegal,c,2017,F,78
Serbia,c,2017,F,76
Seychelles,c,2017,PF,71
Sierra Leone,c,2017,PF,66
Singapore,c,2017,PF,51
Slovakia,c,2017,F,89
Slovenia,c,2017,F,92
Solomon Islands,c,2017,F,71
Somalia,c,2017,NF,5
Somaliland,t,2017,PF,40
South Africa,c,2017,F,78
"Korea, Rep.",c,2017,F,82
South Ossetia,t,2017,NF,11
South Sudan,c,2017,NF,4
Spain,c,2017,F,94
Sri Lanka,c,2017,PF,56
St. Kitts and Nevis,c,2017,F,89
St. Lucia,c,2017,F,92
St. Vincent and the Grenadines,c,2017,F,91
Sudan,c,2017,NF,6
Suriname,c,2017,F,77
Sweden,c,2017,F,100
Switzerland,c,2017,F,96
Syria,c,2017,NF,-1
Taiwan,c,2017,F,91
Tajikistan,c,2017,NF,11
Tanzania,c,2017,PF,58
Thailand,c,2017,NF,32
The Gambia,c,2017,NF,20
Tibet,t,2017,NF,1
Timor-Leste,c,2017,PF,65
Togo,c,2017,PF,48
Tonga,c,2017,F,74
Transnistria,t,2017,NF,24
Trinidad and Tobago,c,2017,F,81
Tunisia,c,2017,F,78
Turkey,c,2017,PF,38
Turkmenistan,c,2017,NF,4
Tuvalu,c,2017,F,94
Uganda,c,2017,NF,35
Ukraine,c,2017,PF,61
United Arab Emirates,c,2017,NF,20
United Kingdom,c,2017,F,95
United States,c,2017,F,89
Uruguay,c,2017,F,98
Uzbekistan,c,2017,NF,3
Vanuatu,c,2017,F,80
Venezuela,c,2017,NF,30
Vietnam,c,2017,NF,20
West Bank,t,2017,NF,28
Western Sahara,t,2017,NF,4
Yemen,c,2017,NF,14
Zambia,c,2017,PF,56
Zimbabwe,c,2017,PF,32
Abkhazia,t,2016,PF,42
Afghanistan,c,2016,NF,24
Albania,c,2016,PF,67
Algeria,c,2016,NF,35
Andorra,c,2016,F,96
Angola,c,2016,NF,24
Antigua and Barbuda,c,2016,F,82
Argentina,c,2016,F,79
Armenia,c,2016,PF,46
Australia,c,2016,F,98
Austria,c,2016,F,95
Azerbaijan,c,2016,NF,16
Bahamas,c,2016,F,92
Bahrain,c,2016,NF,14
Bangladesh,c,2016,PF,49
Barbados,c,2016,F,98
Belarus,c,2016,NF,17
Belgium,c,2016,F,96
Belize,c,2016,F,87
Benin,c,2016,F,82
Bhutan,c,2016,PF,56
Bolivia,c,2016,PF,68
Bosnia and Herzegovina,c,2016,PF,57
Botswana,c,2016,F,73
Brazil,c,2016,F,81
Brunei,c,2016,NF,29
Bulgaria,c,2016,F,80
Burkina Faso,c,2016,PF,59
Burundi,c,2016,NF,19
Cabo Verde,c,2016,F,90
Cambodia,c,2016,NF,32
Cameroon,c,2016,NF,24
Canada,c,2016,F,99
Central African Republic,c,2016,NF,7
Chad,c,2016,NF,20
Chile,c,2016,F,95
China,c,2016,NF,16
Colombia,c,2016,PF,63
Comoros,c,2016,PF,55
Congo (Brazzaville),c,2016,NF,28
Congo (Kinshasa),c,2016,NF,25
Costa Rica,c,2016,F,90
Cote d'Ivoire,c,2016,PF,51
Crimea,t,2016,NF,9
Croatia,c,2016,F,87
Cuba,c,2016,NF,15
Cyprus,c,2016,F,94
Czech Republic,c,2016,F,95
Denmark,c,2016,F,98
Djibouti,c,2016,NF,28
Dominica,c,2016,F,95
Dominican Republic,c,2016,PF,70
Ecuador,c,2016,PF,59
Egypt,c,2016,NF,27
El Salvador,c,2016,F,69
Equatorial Guinea,c,2016,NF,8
Eritrea,c,2016,NF,3
Estonia,c,2016,F,94
Eswatini,c,2016,NF,18
Ethiopia,c,2016,NF,15
Fiji,c,2016,PF,62
Finland,c,2016,F,100
France,c,2016,F,91
Gabon,c,2016,NF,34
Gaza Strip,t,2016,NF,12
Georgia,c,2016,PF,64
Germany,c,2016,F,95
Ghana,c,2016,F,83
Greece,c,2016,F,83
Grenada,c,2016,F,89
Guatemala,c,2016,PF,54
Guinea,c,2016,PF,40
Guinea-Bissau,c,2016,PF,39
Guyana,c,2016,F,74
Haiti,c,2016,PF,41
Honduras,c,2016,PF,45
"Hong Kong SAR, China",t,2016,PF,63
Hungary,c,2016,F,79
Iceland,c,2016,F,100
India,c,2016,F,77
Indian Kashmir,t,2016,PF,51
Indonesia,c,2016,PF,65
Iran,c,2016,NF,17
Iraq,c,2016,NF,27
Ireland,c,2016,F,96
Israel,c,2016,F,80
Italy,c,2016,F,89
Jamaica,c,2016,F,75
Japan,c,2016,F,96
Jordan,c,2016,NF,36
Kazakhstan,c,2016,NF,24
Kenya,c,2016,PF,51
Kiribati,c,2016,F,91
Kosovo,c,2016,PF,52
Kuwait,c,2016,PF,36
Kyrgyzstan,c,2016,PF,38
Laos,c,2016,NF,12
Latvia,c,2016,F,86
Lebanon,c,2016,PF,43
Lesotho,c,2016,PF,67
Liberia,c,2016,PF,61
Libya,c,2016,NF,20
Liechtenstein,c,2016,F,98
Lithuania,c,2016,F,91
Luxembourg,c,2016,F,98
Madagascar,c,2016,PF,56
Malawi,c,2016,PF,64
Malaysia,c,2016,PF,45
Maldives,c,2016,PF,43
Mali,c,2016,PF,45
Malta,c,2016,F,96
Marshall Islands,c,2016,F,92
Mauritania,c,2016,NF,30
Mauritius,c,2016,F,90
Mexico,c,2016,PF,65
Micronesia,c,2016,F,93
Moldova,c,2016,PF,60
Monaco,c,2016,F,88
Mongolia,c,2016,F,86
Montenegro,c,2016,PF,70
Morocco,c,2016,PF,41
Mozambique,c,2016,PF,56
Myanmar,c,2016,NF,28
Nagorno-Karabakh,t,2016,PF,33
Namibia,c,2016,F,77
Nauru,c,2016,F,84
Nepal,c,2016,PF,51
Netherlands,c,2016,F,99
New Zealand,c,2016,F,98
Nicaragua,c,2016,PF,54
Niger,c,2016,PF,52
Nigeria,c,2016,PF,48
North Korea,c,2016,NF,3
North Macedonia,c,2016,PF,57
Northern Cyprus,t,2016,F,79
Norway,c,2016,F,100
Oman,c,2016,NF,25
Pakistan,c,2016,PF,41
Pakistani Kashmir,t,2016,NF,28
Palau,c,2016,F,92
Panama,c,2016,F,83
Papua New Guinea,c,2016,PF,59
Paraguay,c,2016,PF,64
Peru,c,2016,F,71
Philippines,c,2016,PF,65
Poland,c,2016,F,93
Portugal,c,2016,F,97
Puerto Rico,t,2016,F,90
Qatar,c,2016,NF,27
Romania,c,2016,F,83
Russian Federation,c,2016,NF,22
Rwanda,c,2016,NF,24
Samoa,c,2016,F,80
San Marino,c,2016,F,100
Sao Tome and Principe,c,2016,F,81
Saudi Arabia,c,2016,NF,10
Senegal,c,2016,F,78
Serbia,c,2016,F,78
Seychelles,c,2016,PF,68
Sierra Leone,c,2016,PF,65
Singapore,c,2016,PF,51
Slovakia,c,2016,F,89
Slovenia,c,2016,F,92
Solomon Islands,c,2016,PF,68
Somalia,c,2016,NF,2
Somaliland,t,2016,PF,40
South Africa,c,2016,F,79
"Korea, Rep.",c,2016,F,83
South Ossetia,t,2016,NF,11
South Sudan,c,2016,NF,14
Spain,c,2016,F,95
Sri Lanka,c,2016,PF,55
St. Kitts and Nevis,c,2016,F,88
St. Lucia,c,2016,F,92
St. Vincent and the Grenadines,c,2016,F,91
Sudan,c,2016,NF,6
Suriname,c,2016,F,77
Sweden,c,2016,F,100
Switzerland,c,2016,F,96
Syria,c,2016,NF,-1
Taiwan,c,2016,F,89
Tajikistan,c,2016,NF,16
Tanzania,c,2016,PF,60
Thailand,c,2016,NF,32
The Gambia,c,2016,NF,18
Tibet,t,2016,NF,1
Timor-Leste,c,2016,PF,65
Togo,c,2016,PF,48
Tonga,c,2016,F,75
Transnistria,t,2016,NF,24
Trinidad and Tobago,c,2016,F,81
Tunisia,c,2016,F,79
Turkey,c,2016,PF,53
Turkmenistan,c,2016,NF,4
Tuvalu,c,2016,F,94
Uganda,c,2016,NF,36
Ukraine,c,2016,PF,61
United Arab Emirates,c,2016,NF,20
United Kingdom,c,2016,F,95
United States,c,2016,F,90
Uruguay,c,2016,F,98
Uzbekistan,c,2016,NF,3
Vanuatu,c,2016,F,78
Venezuela,c,2016,PF,35
Vietnam,c,2016,NF,20
West Bank,t,2016,NF,30
Western Sahara,t,2016,NF,4
Yemen,c,2016,NF,17
Zambia,c,2016,PF,60
Zimbabwe,c,2016,PF,32
Abkhazia,t,2015,PF,41
Afghanistan,c,2015,NF,24
Albania,c,2015,PF,67
Algeria,c,2015,NF,34
Andorra,c,2015,F,96
Angola,c,2015,NF,28
Antigua and Barbuda,c,2015,F,80
Argentina,c,2015,F,80
Armenia,c,2015,PF,46
Australia,c,2015,F,97
Austria,c,2015,F,96
Azerbaijan,c,2015,NF,20
Bahamas,c,2015,F,96
Bahrain,c,2015,NF,15
Bangladesh,c,2015,PF,50
Barbados,c,2015,F,99
Belarus,c,2015,NF,14
Belgium,c,2015,F,97
Belize,c,2015,F,87
Benin,c,2015,F,81
Bhutan,c,2015,PF,56
Bolivia,c,2015,PF,68
Bosnia and Herzegovina,c,2015,PF,60
Botswana,c,2015,F,73
Brazil,c,2015,F,81
Brunei,c,2015,NF,30
Bulgaria,c,2015,F,79
Burkina Faso,c,2015,PF,45
Burundi,c,2015,NF,32
Cabo Verde,c,2015,F,90
Cambodia,c,2015,NF,31
Cameroon,c,2015,NF,25
Canada,c,2015,F,98
Central African Republic,c,2015,NF,6
Chad,c,2015,NF,21
Chile,c,2015,F,95
China,c,2015,NF,17
Colombia,c,2015,PF,63
Comoros,c,2015,PF,55
Congo (Brazzaville),c,2015,NF,30
Congo (Kinshasa),c,2015,NF,25
Costa Rica,c,2015,F,90
Cote d'Ivoire,c,2015,PF,46
Crimea,t,2015,NF,10
Croatia,c,2015,F,86
Cuba,c,2015,NF,14
Cyprus,c,2015,F,93
Czech Republic,c,2015,F,95
Denmark,c,2015,F,98
Djibouti,c,2015,NF,28
Dominica,c,2015,F,95
Dominican Republic,c,2015,F,73
Ecuador,c,2015,PF,59
Egypt,c,2015,NF,26
El Salvador,c,2015,F,75
Equatorial Guinea,c,2015,NF,8
Eritrea,c,2015,NF,3
Estonia,c,2015,F,95
Eswatini,c,2015,NF,18
Ethiopia,c,2015,NF,18
Fiji,c,2015,PF,60
Finland,c,2015,F,100
France,c,2015,F,95
Gabon,c,2015,NF,34
Gaza Strip,t,2015,NF,15
Georgia,c,2015,PF,64
Germany,c,2015,F,96
Ghana,c,2015,F,84
Greece,c,2015,F,83
Grenada,c,2015,F,89
Guatemala,c,2015,PF,55
Guinea,c,2015,PF,41
Guinea-Bissau,c,2015,PF,40
Guyana,c,2015,F,71
Haiti,c,2015,PF,41
Honduras,c,2015,PF,49
"Hong Kong SAR, China",t,2015,PF,65
Hungary,c,2015,F,82
Iceland,c,2015,F,99
India,c,2015,F,78
Indian Kashmir,t,2015,PF,51
Indonesia,c,2015,PF,64
Iran,c,2015,NF,17
Iraq,c,2015,NF,24
Ireland,c,2015,F,97
Israel,c,2015,F,80
Italy,c,2015,F,89
Jamaica,c,2015,F,74
Japan,c,2015,F,94
Jordan,c,2015,NF,36
Kazakhstan,c,2015,NF,24
Kenya,c,2015,PF,51
Kiribati,c,2015,F,91
Kosovo,c,2015,PF,52
Kuwait,c,2015,PF,37
Kyrgyzstan,c,2015,PF,38
Laos,c,2015,NF,12
Latvia,c,2015,F,85
Lebanon,c,2015,PF,44
Lesotho,c,2015,F,71
Liberia,c,2015,PF,56
Libya,c,2015,NF,23
Liechtenstein,c,2015,F,98
Lithuania,c,2015,F,91
Luxembourg,c,2015,F,98
Madagascar,c,2015,PF,52
Malawi,c,2015,PF,61
Malaysia,c,2015,PF,46
Maldives,c,2015,PF,48
Mali,c,2015,PF,44
Malta,c,2015,F,97
Marshall Islands,c,2015,F,91
Mauritania,c,2015,NF,31
Mauritius,c,2015,F,90
Mexico,c,2015,PF,64
Micronesia,c,2015,F,93
Moldova,c,2015,PF,63
Monaco,c,2015,F,88
Mongolia,c,2015,F,86
Montenegro,c,2015,F,71
Morocco,c,2015,PF,42
Mozambique,c,2015,PF,58
Myanmar,c,2015,NF,25
Nagorno-Karabakh,t,2015,PF,30
Namibia,c,2015,F,76
Nauru,c,2015,F,88
Nepal,c,2015,PF,51
Netherlands,c,2015,F,99
New Zealand,c,2015,F,97
Nicaragua,c,2015,PF,54
Niger,c,2015,PF,56
Nigeria,c,2015,PF,43
North Korea,c,2015,NF,3
North Macedonia,c,2015,PF,60
Northern Cyprus,t,2015,F,79
Norway,c,2015,F,100
Oman,c,2015,NF,26
Pakistan,c,2015,PF,42
Pakistani Kashmir,t,2015,NF,29
Palau,c,2015,F,92
Panama,c,2015,F,82
Papua New Guinea,c,2015,PF,59
Paraguay,c,2015,PF,65
Peru,c,2015,F,71
Philippines,c,2015,PF,63
Poland,c,2015,F,93
Portugal,c,2015,F,97
Puerto Rico,t,2015,F,89
Qatar,c,2015,NF,28
Romania,c,2015,F,83
Russian Federation,c,2015,NF,23
Rwanda,c,2015,NF,25
Samoa,c,2015,F,81
San Marino,c,2015,F,100
Sao Tome and Principe,c,2015,F,81
Saudi Arabia,c,2015,NF,10
Senegal,c,2015,F,78
Serbia,c,2015,F,80
Seychelles,c,2015,PF,67
Sierra Leone,c,2015,PF,65
Singapore,c,2015,PF,51
Slovakia,c,2015,F,90
Slovenia,c,2015,F,91
Solomon Islands,c,2015,PF,68
Somalia,c,2015,NF,2
Somaliland,t,2015,PF,46
South Africa,c,2015,F,81
"Korea, Rep.",c,2015,F,84
South Ossetia,t,2015,NF,10
South Sudan,c,2015,NF,15
Spain,c,2015,F,96
Sri Lanka,c,2015,PF,41
St. Kitts and Nevis,c,2015,F,90
St. Lucia,c,2015,F,92
St. Vincent and the Grenadines,c,2015,F,90
Sudan,c,2015,NF,6
Suriname,c,2015,F,77
Sweden,c,2015,F,99
Switzerland,c,2015,F,96
Syria,c,2015,NF,-1
Taiwan,c,2015,F,88
Tajikistan,c,2015,NF,22
Tanzania,c,2015,PF,63
Thailand,c,2015,NF,33
The Gambia,c,2015,NF,20
Tibet,t,2015,NF,1
Timor-Leste,c,2015,PF,65
Togo,c,2015,PF,47
Tonga,c,2015,F,75
Transnistria,t,2015,NF,24
Trinidad and Tobago,c,2015,F,81
Tunisia,c,2015,F,79
Turkey,c,2015,PF,55
Turkmenistan,c,2015,NF,6
Tuvalu,c,2015,F,94
Uganda,c,2015,NF,36
Ukraine,c,2015,PF,62
United Arab Emirates,c,2015,NF,21
United Kingdom,c,2015,F,97
United States,c,2015,F,92
Uruguay,c,2015,F,98
Uzbekistan,c,2015,NF,4
Vanuatu,c,2015,F,79
Venezuela,c,2015,PF,35
Vietnam,c,2015,NF,20
West Bank,t,2015,NF,31
Western Sahara,t,2015,NF,5
Yemen,c,2015,NF,25
Zambia,c,2015,PF,60
Zimbabwe,c,2015,NF,28
Abkhazia,t,2014,PF,40
Afghanistan,c,2014,NF,26
Albania,c,2014,PF,67
Algeria,c,2014,NF,34
Andorra,c,2014,F,96
Angola,c,2014,NF,29
Antigua and Barbuda,c,2014,F,80
Argentina,c,2014,F,80
Armenia,c,2014,PF,43
Australia,c,2014,F,97
Austria,c,2014,F,96
Azerbaijan,c,2014,NF,22
Bahamas,c,2014,F,96
Bahrain,c,2014,NF,16
Bangladesh,c,2014,PF,53
Barbados,c,2014,F,99
Belarus,c,2014,NF,14
Belgium,c,2014,F,97
Belize,c,2014,F,87
Benin,c,2014,F,80
Bhutan,c,2014,PF,55
Bolivia,c,2014,PF,67
Bosnia and Herzegovina,c,2014,PF,61
Botswana,c,2014,F,74
Brazil,c,2014,F,81
Brunei,c,2014,NF,30
Bulgaria,c,2014,F,78
Burkina Faso,c,2014,PF,53
Burundi,c,2014,PF,34
Cabo Verde,c,2014,F,90
Cambodia,c,2014,NF,30
Cameroon,c,2014,NF,24
Canada,c,2014,F,98
Central African Republic,c,2014,NF,6
Chad,c,2014,NF,21
Chile,c,2014,F,95
China,c,2014,NF,17
Colombia,c,2014,PF,62
Comoros,c,2014,PF,55
Congo (Brazzaville),c,2014,NF,30
Congo (Kinshasa),c,2014,NF,20
Costa Rica,c,2014,F,90
Cote d'Ivoire,c,2014,PF,45
Croatia,c,2014,F,86
Cuba,c,2014,NF,12
Cyprus,c,2014,F,92
Czech Republic,c,2014,F,94
Denmark,c,2014,F,98
Djibouti,c,2014,NF,29
Dominica,c,2014,F,95
Dominican Republic,c,2014,F,73
Ecuador,c,2014,PF,60
Egypt,c,2014,NF,31
El Salvador,c,2014,F,77
Equatorial Guinea,c,2014,NF,8
Eritrea,c,2014,NF,3
Estonia,c,2014,F,95
Eswatini,c,2014,NF,20
Ethiopia,c,2014,NF,18
Fiji,c,2014,PF,37
Finland,c,2014,F,100
France,c,2014,F,95
Gabon,c,2014,NF,34
Gaza Strip,t,2014,NF,15
Georgia,c,2014,PF,63
Germany,c,2014,F,96
Ghana,c,2014,F,84
Greece,c,2014,F,83
Grenada,c,2014,F,89
Guatemala,c,2014,PF,56
Guinea,c,2014,PF,41
Guinea-Bissau,c,2014,NF,32
Guyana,c,2014,F,72
Haiti,c,2014,PF,43
Honduras,c,2014,PF,51
"Hong Kong SAR, China",t,2014,PF,67
Hungary,c,2014,F,88
Iceland,c,2014,F,100
India,c,2014,F,77
Indian Kashmir,t,2014,PF,49
Indonesia,c,2014,PF,64
Iran,c,2014,NF,17
Iraq,c,2014,NF,25
Ireland,c,2014,F,97
Israel,c,2014,F,81
Italy,c,2014,F,90
Jamaica,c,2014,F,74
Japan,c,2014,F,90
Jordan,c,2014,NF,35
Kazakhstan,c,2014,NF,25
Kenya,c,2014,PF,53
Kiribati,c,2014,F,91
Kosovo,c,2014,PF,43
Kuwait,c,2014,PF,39
Kyrgyzstan,c,2014,PF,39
Laos,c,2014,NF,12
Latvia,c,2014,F,84
Lebanon,c,2014,PF,48
Lesotho,c,2014,F,72
Liberia,c,2014,PF,59
Libya,c,2014,PF,41
Liechtenstein,c,2014,F,98
Lithuania,c,2014,F,90
Luxembourg,c,2014,F,99
Madagascar,c,2014,PF,43
Malawi,c,2014,PF,60
Malaysia,c,2014,PF,47
Maldives,c,2014,PF,48
Mali,c,2014,PF,44
Malta,c,2014,F,97
Marshall Islands,c,2014,F,91
Mauritania,c,2014,NF,34
Mauritius,c,2014,F,90
Mexico,c,2014,PF,65
Micronesia,c,2014,F,93
Moldova,c,2014,PF,64
Monaco,c,2014,F,88
Mongolia,c,2014,F,86
Montenegro,c,2014,F,72
Morocco,c,2014,PF,42
Mozambique,c,2014,PF,58
Myanmar,c,2014,NF,26
Nagorno-Karabakh,t,2014,PF,31
Namibia,c,2014,F,76
Nauru,c,2014,F,92
Nepal,c,2014,PF,50
Netherlands,c,2014,F,99
New Zealand,c,2014,F,97
Nicaragua,c,2014,PF,54
Niger,c,2014,PF,56
Nigeria,c,2014,PF,46
North Korea,c,2014,NF,3
North Macedonia,c,2014,PF,64
Northern Cyprus,t,2014,F,79
Norway,c,2014,F,100
Oman,c,2014,NF,26
Pakistan,c,2014,PF,42
Pakistani Kashmir,t,2014,NF,29
Palau,c,2014,F,92
Panama,c,2014,F,82
Papua New Guinea,c,2014,PF,60
Paraguay,c,2014,PF,61
Peru,c,2014,F,71
Philippines,c,2014,PF,63
Poland,c,2014,F,93
Portugal,c,2014,F,97
Puerto Rico,t,2014,F,89
Qatar,c,2014,NF,28
Romania,c,2014,F,84
Russian Federation,c,2014,NF,26
Rwanda,c,2014,NF,26
Samoa,c,2014,F,81
San Marino,c,2014,F,100
Sao Tome and Principe,c,2014,F,81
Saudi Arabia,c,2014,NF,10
Senegal,c,2014,F,79
Serbia,c,2014,F,78
Seychelles,c,2014,PF,67
Sierra Leone,c,2014,PF,67
Singapore,c,2014,PF,51
Slovakia,c,2014,F,91
Slovenia,c,2014,F,91
Solomon Islands,c,2014,PF,65
Somalia,c,2014,NF,2
Somaliland,t,2014,PF,46
South Africa,c,2014,F,81
"Korea, Rep.",c,2014,F,85
South Ossetia,t,2014,NF,5
South Sudan,c,2014,NF,24
Spain,c,2014,F,96
Sri Lanka,c,2014,PF,42
St. Kitts and Nevis,c,2014,F,90
St. Lucia,c,2014,F,92
St. Vincent and the Grenadines,c,2014,F,89
Sudan,c,2014,NF,7
Suriname,c,2014,F,77
Sweden,c,2014,F,99
Switzerland,c,2014,F,96
Syria,c,2014,NF,1
Taiwan,c,2014,F,88
Tajikistan,c,2014,NF,24
Tanzania,c,2014,PF,64
Thailand,c,2014,PF,54
The Gambia,c,2014,NF,21
Tibet,t,2014,NF,1
Timor-Leste,c,2014,PF,63
Togo,c,2014,PF,47
Tonga,c,2014,F,75
Transnistria,t,2014,NF,24
Trinidad and Tobago,c,2014,F,81
Tunisia,c,2014,PF,63
Turkey,c,2014,PF,60
Turkmenistan,c,2014,NF,7
Tuvalu,c,2014,F,94
Uganda,c,2014,PF,37
Ukraine,c,2014,PF,55
United Arab Emirates,c,2014,NF,21
United Kingdom,c,2014,F,97
United States,c,2014,F,92
Uruguay,c,2014,F,98
Uzbekistan,c,2014,NF,4
Vanuatu,c,2014,F,79
Venezuela,c,2014,PF,38
Vietnam,c,2014,NF,20
West Bank,t,2014,NF,31
Western Sahara,t,2014,NF,5
Yemen,c,2014,NF,26
Zambia,c,2014,PF,59
Zimbabwe,c,2014,NF,28
Abkhazia,t,2013,PF,40
Afghanistan,c,2013,NF,27
Albania,c,2013,PF,63
Algeria,c,2013,NF,35
Andorra,c,2013,F,96
Angola,c,2013,NF,30
Antigua and Barbuda,c,2013,F,80
Argentina,c,2013,F,80
Armenia,c,2013,PF,42
Australia,c,2013,F,97
Austria,c,2013,F,96
Azerbaijan,c,2013,NF,23
Bahamas,c,2013,F,96
Bahrain,c,2013,NF,18
Bangladesh,c,2013,PF,56
Barbados,c,2013,F,99
Belarus,c,2013,NF,14
Belgium,c,2013,F,97
Belize,c,2013,F,88
Benin,c,2013,F,82
Bhutan,c,2013,PF,46
Bolivia,c,2013,PF,69
Bosnia and Herzegovina,c,2013,PF,62
Botswana,c,2013,F,74
Brazil,c,2013,F,81
Brunei,c,2013,NF,30
Bulgaria,c,2013,F,81
Burkina Faso,c,2013,PF,53
Burundi,c,2013,PF,34
Cabo Verde,c,2013,F,90
Cambodia,c,2013,NF,29
Cameroon,c,2013,NF,23
Canada,c,2013,F,98
Central African Republic,c,2013,PF,35
Chad,c,2013,NF,21
Chile,c,2013,F,96
China,c,2013,NF,17
Colombia,c,2013,PF,61
Comoros,c,2013,PF,55
Congo (Brazzaville),c,2013,NF,29
Congo (Kinshasa),c,2013,NF,20
Costa Rica,c,2013,F,91
Cote d'Ivoire,c,2013,PF,34
Croatia,c,2013,F,86
Cuba,c,2013,NF,11
Cyprus,c,2013,F,93
Czech Republic,c,2013,F,95
Denmark,c,2013,F,98
Djibouti,c,2013,NF,29
Dominica,c,2013,F,95
Dominican Republic,c,2013,F,75
Ecuador,c,2013,PF,60
Egypt,c,2013,PF,41
El Salvador,c,2013,F,77
Equatorial Guinea,c,2013,NF,8
Eritrea,c,2013,NF,3
Estonia,c,2013,F,95
Eswatini,c,2013,NF,21
Ethiopia,c,2013,NF,18
Fiji,c,2013,PF,37
Finland,c,2013,F,100
France,c,2013,F,95
Gabon,c,2013,NF,34
Gaza Strip,t,2013,NF,19
Georgia,c,2013,PF,60
Germany,c,2013,F,96
Ghana,c,2013,F,84
Greece,c,2013,F,83
Grenada,c,2013,F,89
Guatemala,c,2013,PF,57
Guinea,c,2013,PF,39
Guinea-Bissau,c,2013,NF,30
Guyana,c,2013,F,71
Haiti,c,2013,PF,43
Honduras,c,2013,PF,51
"Hong Kong SAR, China",t,2013,PF,67
Hungary,c,2013,F,88
Iceland,c,2013,F,100
India,c,2013,F,76
Indian Kashmir,t,2013,PF,49
Indonesia,c,2013,F,65
Iran,c,2013,NF,16
Iraq,c,2013,NF,24
Ireland,c,2013,F,97
Israel,c,2013,F,81
Italy,c,2013,F,88
Jamaica,c,2013,F,73
Japan,c,2013,F,88
Jordan,c,2013,NF,34
Kazakhstan,c,2013,NF,26
Kenya,c,2013,PF,55
Kiribati,c,2013,F,91
Kosovo,c,2013,PF,42
Kuwait,c,2013,PF,41
Kyrgyzstan,c,2013,PF,39
Laos,c,2013,NF,11
Latvia,c,2013,F,84
Lebanon,c,2013,PF,49
Lesotho,c,2013,F,72
Liberia,c,2013,PF,60
Libya,c,2013,PF,43
Liechtenstein,c,2013,F,98
Lithuania,c,2013,F,90
Luxembourg,c,2013,F,100
Madagascar,c,2013,PF,35
Malawi,c,2013,PF,60
Malaysia,c,2013,PF,48
Maldives,c,2013,PF,46
Mali,c,2013,NF,24
Malta,c,2013,F,97
Marshall Islands,c,2013,F,91
Mauritania,c,2013,NF,34
Mauritius,c,2013,F,90
Mexico,c,2013,PF,65
Micronesia,c,2013,F,93
Moldova,c,2013,PF,65
Monaco,c,2013,F,87
Mongolia,c,2013,F,86
Montenegro,c,2013,F,72
Morocco,c,2013,PF,43
Mozambique,c,2013,PF,59
Myanmar,c,2013,NF,26
Nagorno-Karabakh,t,2013,PF,31
Namibia,c,2013,F,76
Nauru,c,2013,F,93
Nepal,c,2013,PF,47
Netherlands,c,2013,F,99
New Zealand,c,2013,F,97
Nicaragua,c,2013,PF,51
Niger,c,2013,PF,56
Nigeria,c,2013,PF,46
North Korea,c,2013,NF,3
North Macedonia,c,2013,PF,64
Northern Cyprus,t,2013,F,78
Norway,c,2013,F,100
Oman,c,2013,NF,26
Pakistan,c,2013,PF,42
Pakistani Kashmir,t,2013,NF,29
Palau,c,2013,F,92
Panama,c,2013,F,82
Papua New Guinea,c,2013,PF,59
Paraguay,c,2013,PF,62
Peru,c,2013,F,71
Philippines,c,2013,PF,63
Poland,c,2013,F,93
Portugal,c,2013,F,97
Puerto Rico,t,2013,F,89
Qatar,c,2013,NF,28
Romania,c,2013,F,81
Russian Federation,c,2013,NF,27
Rwanda,c,2013,NF,24
Samoa,c,2013,F,81
San Marino,c,2013,F,100
Sao Tome and Principe,c,2013,F,81
Saudi Arabia,c,2013,NF,10
Senegal,c,2013,F,75
Serbia,c,2013,F,78
Seychelles,c,2013,PF,67
Sierra Leone,c,2013,F,70
Singapore,c,2013,PF,52
Slovakia,c,2013,F,92
Slovenia,c,2013,F,91
Solomon Islands,c,2013,PF,65
Somalia,c,2013,NF,2
Somaliland,t,2013,PF,46
South Africa,c,2013,F,81
"Korea, Rep.",c,2013,F,86
South Ossetia,t,2013,NF,5
South Sudan,c,2013,NF,31
Spain,c,2013,F,96
Sri Lanka,c,2013,PF,43
St. Kitts and Nevis,c,2013,F,91
St. Lucia,c,2013,F,93
St. Vincent and the Grenadines,c,2013,F,89
Sudan,c,2013,NF,7
Suriname,c,2013,F,77
Sweden,c,2013,F,100
Switzerland,c,2013,F,96
Syria,c,2013,NF,5
Taiwan,c,2013,F,88
Tajikistan,c,2013,NF,24
Tanzania,c,2013,PF,66
Thailand,c,2013,PF,53
The Gambia,c,2013,NF,23
Tibet,t,2013,NF,1
Timor-Leste,c,2013,PF,63
Togo,c,2013,PF,43
Tonga,c,2013,F,73
Transnistria,t,2013,NF,25
Trinidad and Tobago,c,2013,F,81
Tunisia,c,2013,PF,59
Turkey,c,2013,PF,61
Turkmenistan,c,2013,NF,7
Tuvalu,c,2013,F,94
Uganda,c,2013,PF,40
Ukraine,c,2013,PF,57
United Arab Emirates,c,2013,NF,22
United Kingdom,c,2013,F,97
United States,c,2013,F,93
Uruguay,c,2013,F,97
Uzbekistan,c,2013,NF,4
Vanuatu,c,2013,F,79
Venezuela,c,2013,PF,39
Vietnam,c,2013,NF,19
West Bank,t,2013,NF,30
Western Sahara,t,2013,NF,5
Yemen,c,2013,NF,25
Zambia,c,2013,PF,62
Zimbabwe,c,2013,NF,25